Name,Email,PasswordHash,RegistrationDate
Zachary Chang MD,jmiller@yahoo.com,23567b3c448c6f1e3bacfe047c554683ede6e47417c10975621d5aa4361a710f,2024-07-26 19:40:12
Troy Burns,robertreed@hoffman.com,588ad422376865f38dbe13bb8f640be411dc2be25ff0ed6b19da614ee35da83b,2024-02-23 06:39:31
Vincent Brown,gregwilson@nichols.net,ff4a73bd8b38995a777c392597b21401efe382bdabb7d2d18962fdab0f2232ec,2024-01-09 07:45:10
Scott Lewis,stonejill@hotmail.com,6b26d081434c56edab6b416a70eea7a4ad4dcfb2a35baacda611db8675dfb635,2024-03-29 01:23:05
Megan Mullen,alvarezjose@hobbs.com,b17e6010af7ba9f726f41c540e9999d83b9ccd523d1e8fe383474557b06a6c6c,2024-04-20 11:56:15
Patrick Sosa,emily74@hotmail.com,be66a8e2e6e6466dd81bd15ba94da4fd7a8939e23807f3e4a2ea4843bdaa7f1c,2024-04-17 06:11:37
Carl Krueger,zadams@hotmail.com,bd11e7aef5d75d850f608e5c73d26701e1febc5edbd4064b4c0db584a725dcf8,2024-09-17 06:26:09
April Krueger,yjennings@gmail.com,c2cdfa90d187ccf02c19d7cdccde042d634c5a349bfd75a196e1a41676ed8c05,2024-01-14 12:34:23
Jamie Chapman,nunezpaul@yahoo.com,68f1924693e31feb61ad81bd2b648bab59d9834091cb907633a7128a5c81cf05,2024-09-20 17:07:41
Diane Francis PhD,millerjeffery@delgado-weaver.net,549b9386e93ee3dfe7851cb5745132e7accbf4d7cccfc28d3be2c59e66de854f,2024-11-16 10:30:54
Michelle Willis MD,julie97@alvarado.com,5083ace7961e632170ab87bde09a81b557a6f488ab7d54f25a96d6c7a971794d,2024-08-18 19:06:01
Robert Harris,ianbradley@yahoo.com,5a67e213e4d9bd95f997907376f8097a36d8045336dfc2c7c94bfb8bf5b2995b,2024-10-01 14:20:03
Troy Hall,angelajennings@gmail.com,cd5b0db0d5856c47e5958fa6adca0824ea2d32649eefc629dae3837a0dcc2161,2024-12-02 20:19:01
Christine Buchanan,edwardsshelby@hernandez.com,a3579859cc11b29cdcc269603d13f3fe7ddb07107731568aa4871dde966f10b4,2024-06-20 06:31:49
Kevin Chandler,wesleynewman@gmail.com,16897890a9e6e01518fdf46bebbad271bb6b1646f075141abc59727994449fc6,2024-08-26 07:02:04
Julie Bell,rlewis@long.com,6d7b390b9491d2d4fc833471144ad98a200a21c2ef2726117b3f01cbe0b465bd,2024-03-01 13:14:29
Samantha Ross,alex33@gmail.com,e57ab2cf0ff0d40e1de0519ec6610d069b2d5c36fa9c8234538f8c5e82afb5df,2024-09-20 19:33:05
Jonathan Jones,umartinez@hotmail.com,854f2c70078b8f66f12a8a7cc95d63ce1b0d0980269f328624a3c2e78c1c9b59,2024-10-19 08:37:41
Teresa Miller,kristiebarber@nguyen.com,614998813a6e554a389e8f600181d5fa9b3608f82a6dc3e0d5ad410e30266b8c,2024-09-26 08:19:54
Robert Colon,regina17@gmail.com,8a729af8315c19de8d4832913bfddc77eedf11d76ced0f7d277e0b374bcb07e2,2024-06-29 03:17:44
Tyler Miller,morandylan@taylor.biz,8faeaf6940675719d7791de9c0a683871e6bd7588d5267c0a56a4ce9faf92f46,2024-10-07 20:27:57
Charlotte Watson,bensonnicholas@walsh.com,873a220dd7e49c46df6864e9a924e929647873d53c7ea5a21d5af291b11c468a,2024-07-03 02:17:49
Theresa Graham,teresagross@kennedy.info,124ea8173960d659fdbfa5c52f31f24f5359caa2d6da7aa1bf1bc9d1f4335f7b,2024-09-30 04:02:07
Michael Copeland,kevinhull@howard-rogers.com,3c9062958d7a7f92c77da5b3a788b53a592a9c2d0faae0095f6be86ac38c3533,2024-10-03 13:27:27
Nancy Smith,danielsspencer@sloan.biz,8078041f78e3b1be33eb64c94584add79892154a65d66ffa7925ed7e6c07e300,2024-08-29 14:14:20
Michael Davis,lwaters@morales.com,0eddce809559a7af44e31026ca765f97d2a1f0a6a7f4a4394c0dacc977466801,2024-12-10 01:14:47
Whitney Wallace,morgandiana@yahoo.com,f4f7878a38e321aa0962d695c613e993d4dd64ee95c3c25236b43991c2511b97,2024-06-02 13:11:31
Christopher Curtis,carlsonalisha@yahoo.com,c2954637882514a46142d451216d6af11e4f2926bd8a9806159d2d749354b280,2024-07-08 11:59:53
Shannon Buchanan,rdavis@gmail.com,2df42a2f2b5f55442d695eb35703bf983e144a5148b3d8df9e96bb7aaa8c5bc9,2024-06-21 10:10:03
Andrea Mitchell,jacobaguilar@fox.info,658839764de118cd801c8621cc75ef02a5d376afc03c736afdde2209a7dbaedc,2024-05-11 03:14:07
John Lane,maria74@brown.net,c32d46ab6b75ea19d9c363d45ded4bcbefce1827ae2567f52ad5595e0ff6ce46,2024-01-09 07:51:22
Elizabeth Durham,rebeccamarsh@yahoo.com,5f52ed08325224738443a5eacdb734e300e0a08b3d7716dfa7cfb08079e970bc,2024-11-12 00:57:55
Karen Johnson,kcamacho@hotmail.com,0f00eca53ab05ecd6deacd37b7b10a55f3e30fd6efffcb6a79579dcfea6d1b90,2024-05-03 10:35:02
Jennifer Ramirez,singhtami@gmail.com,f46db38c94491149db33be51453694c3382b69b9cc4a4b6f5268d5e69ddc9e25,2024-02-24 11:49:40
Sean Miller,johnwilliams@lopez.com,7639e4b50c93a41569c6d08eee8595582240c14fa06bbfcdaadc50ce4fbc888c,2024-04-05 01:03:34
Tom Newton,claire12@singh.com,51f855531bf3c3e36aadffd0cf4a08559c8ec09df9f1424120664d3a985948fc,2024-09-21 22:24:52
Gregory Morris,christinaescobar@rivera-brown.org,0897dc9db28ef78e620d347b7c1032f87821e836012cc8e8f6d8cddf534d7b42,2024-06-19 04:26:25
Jasmine Christensen,ksmith@hotmail.com,5835e925c64e8dbeaad5ff30ad5dcbabf91feb2860f811441a165a7042c7f202,2024-03-15 15:57:30
Felicia Johnson,royjustin@liu-sullivan.net,e35d7a3086277d7b52a28820fc6f8846aef234039a530164717e164c97ff729f,2024-12-11 04:05:56
Michael Morris,spencerchristopher@gmail.com,edfe95040251c574d0434b9aa2f7562035bb250ffcba9d826587f7b6824e7e8d,2024-09-26 06:27:16
David Miles,kimberly71@hotmail.com,3c0950c509b07f03e5af14cf74593d03f0bffaa23e76c69971cb76d6df2b7fe6,2024-07-17 13:33:16
Rebecca Hill,briana34@stevens.com,2d72282cdadfac4b9a67927c71d96d62fad69080325ce4128588ff26a572b63f,2024-10-05 15:33:52
Michelle Turner,coxraymond@bond.com,271b5015f2f981899310338339654ce2807360da8937c3099447659e061323c4,2024-01-15 01:54:38
Jamie Thomas,jacob95@hotmail.com,0c1aa07928b2dd157cc000be5d5a9358748f141736cc3b0aee28b2907144fcf3,2024-11-23 15:39:04
Sean Figueroa,kevinturner@hubbard.com,3abb75ff811221445e904e0675e4037e6ac2dc65ec4599a7bed5963e81102ad1,2024-09-09 21:37:21
Albert Lynch,wray@bates.info,92fbc1680ac7fb285effaf16615c2132c78f8c652cef4de1fb3daaa297d2e904,2024-10-04 06:00:00
Sheri Morris,nicholas99@hotmail.com,8fef8d2683c7f243315d7defb70dd93ceb5f905789f15b2767df887ab38170d7,2024-07-10 22:18:41
Javier Duffy,richardknapp@yahoo.com,b9e1d649cbe0451c8ab99f3292f122cd5232983a59b42900161f947ddb2027e8,2024-03-22 10:29:03
Kimberly Glass,kking@powell.biz,e38e43eae1b928a33e6b4f338cd79aa993f40dfb04ea93e492ce3a9c122bfd94,2024-03-27 14:46:46
Amber Jackson,andrewprice@gmail.com,49ec9378f0af809fa316cf354851fbc0ba2f7b149c68c4811d9de9ddc1ab6612,2024-07-15 04:13:36
Edward Cook,rfowler@gmail.com,41d86e57274f3a9080e1219b78744e400b08215d780581bbaafce502ec375ac8,2024-10-25 09:31:27
David Ruiz,frankzachary@stephens-luna.biz,f720ed96ed2a39dc461e96e67a8db0b73b5b868a5557e480d81dd76a3282b568,2024-06-12 01:26:15
James Calhoun,xsmith@yahoo.com,583e65d72902aa6a0bd24751a27eac481a687ef27fa0a7ccb69001462ecb36ee,2024-06-28 17:36:00
Kelly Garcia,phamalicia@spencer.info,8d67dfe4fbe6b48bd26816d864b9e85e08d566d354101e402fd82f39815525be,2024-10-21 13:02:17
Lindsey Thompson,ryan24@gmail.com,acb33c1d3edc3e1e1fb615a784c56c4d06b0c59e6409ce3fd4749264267c3e6c,2024-04-15 07:59:13
Robert Williamson,jodidelgado@yahoo.com,815e038d76b7f5bc8741f6ee0154d7ca6ddb072a94a234262949b4a32573638e,2024-06-22 01:38:47
Linda Castillo,briantran@hotmail.com,ea4959d8dc23f2e9600a79e54e9692e1f3fe5cd8d5dbd9f9bb21d7a812ba6610,2024-06-21 18:49:43
Richard Freeman,nbradford@hotmail.com,43bbba4d217d7aaba125e999199b5aae22854dba3e2f14e23177c39bb11d0cb9,2024-03-27 15:04:48
Vickie Summers,chadvargas@gmail.com,7a5125465e12a0228f5b39202d346a87b56970c3b2ad1f883bace7319b6b8e3f,2024-09-23 01:57:17
Tamara Nguyen,alyssamorgan@yahoo.com,d2c56fa3c70d797713c226fc17367665894cf10f57ccde5f6e2e1b36b0d18a1e,2024-11-01 13:32:33
Daniel Griffin,malik85@cruz-cook.com,0832722d19f3cb1328a89763e1a06bdfb7f57b656d4c76c153d308749186b105,2024-03-29 02:48:02
Gail Smith,amandacole@grant-young.com,15e0c4eecb3795d4850c9890fbd5d2718b15624e36213f85c04aed363fad2d0b,2024-12-21 12:24:06
Julia Hamilton,jmejia@riley.com,22276d94766fcc4c1e0fd20c3d6ecd354c4059a2b93f2b92f2c1009c04d2581f,2024-06-05 19:24:46
Mathew Cole,laurie20@johnson.com,30b7e3fd1f5101672265f74fb46c3cf23ccda720711ea1b8ee46aac21545c07d,2024-09-09 11:10:28
Benjamin Maxwell,ygarner@johnson.com,9718ab49b3e0878eb7c5955f6b657a21c984deed1a939569d313aff98fdf5486,2024-09-21 11:42:51
Michael Barnes,johnsonjames@gmail.com,639ba019a8402c0d4120301c9bb269a06abaf7efe2ae1c2dea5467f98f64e901,2024-09-09 22:13:23
Daniel Allen,kathryn42@gross-rasmussen.info,3812a017b7f4ca1230c529344fe889f89d5f10ebcf60c31423a460a987c89777,2024-06-26 02:52:14
Henry Mcguire,cle@clark-villa.info,48ea7b236a72cc8b0e31addb6eb8e55a2d3fbbe5505095c3b95a2d9035a8b901,2024-03-12 08:13:04
Kristin Larson,jmccullough@wolf.com,9a781f56e90c96b8ce2803f4fd90a5d93a9fb225323dab06a8aa7a7f01eb93a5,2024-03-10 12:15:10
Stacey Hanson,grossjeffrey@jordan.biz,4611155d2f5b39c41f6b608677ab96081e54d8b810abe48c3509b5e0d7bbba54,2024-10-02 01:42:31
Susan Barry,jeanmorrison@gmail.com,624608750726574a56b56a36a00e872eb234a8780ec4cbc85829fa791d848b7f,2024-06-13 19:47:42
Bruce Sanchez,jerry82@yahoo.com,7c2461469b5aa72510136279f2784df8d1c01682bba5382f8106f290da55fce9,2024-12-05 14:33:59
Isaac Morales,fsanchez@hotmail.com,54284ca69d0ebba2f78fb3a385ee44d87255a7b015797740d3f8ea02271d86a5,2024-03-11 21:53:43
Lori Cook,mcneilmelissa@gmail.com,832ac7b108a67f4a9e3791e7f0a22ff873a3c601fb14d60bb3e66dfc4e49a8d1,2024-08-25 13:55:37
Mitchell Dennis,oconnorvictoria@hotmail.com,fee8ec73d1950190a625bb98faead271db4b0073bae5ce566a62f6c51588ed9e,2024-07-05 13:10:56
Jason Hines,tracy59@juarez.com,ca00ce7ff9a87fa0952cc2fffb30c90c2085c4fc70c233396bb872eaf38c425b,2024-10-21 22:51:42
Robert Cordova,richardhooper@gmail.com,cc945d099607f98eae37427c4ec14b3cf3eb3960c4405ddd4da868ddf0c313b8,2024-03-04 12:27:11
Nathaniel Price,gregorycunningham@rivera.net,981a85dfc31ddf9a3896a177699661e6710d29a9ae965f6ec65ac5017eb66cc8,2024-05-10 01:49:43
Lisa Oneill,theresahughes@martinez.com,31297fb10f197bb1f1bf04aa3ace9c5e2149b95f8955811cee21e325176ab6e4,2024-11-03 05:29:05
Shane Hayes,ryan85@murray.org,1102b1811ded0d048ca21f4ff867f8f40b1a9cf17948ad6437e11f2d19f7d7b1,2024-02-27 03:19:03
Ryan Ortiz,christopherford@martinez-davis.info,cf4597652ceed2a18e7a854b5c2833dbf9e6b338748de13365843666cace4381,2024-03-12 23:07:00
William Williams,rebeccalee@leonard.com,8da06ab7a2a28e1c2237a4e154bcbcf11e024edfa988d9f320930a2b07df266b,2024-06-12 16:43:22
Bradley Hartman,fburke@elliott-rice.com,9361ba40067265cc1b8d5ff04bc0488a1a4bf3a84c5cfa815d4f0fa0d784f986,2024-06-03 00:17:08
Roberta Trevino,bryanrogers@parker.com,7fd7d0528277ee107dbce1f297d7d589b15d5bcb88edc91bbb0b118ec389d6a2,2024-09-21 23:08:18
James Gonzalez IV,emma37@gmail.com,0ceffcde165cb5db3b157d0bd2980987d003b9c011c80b8ddf846bd3d52c5090,2024-10-07 15:26:20
Kayla Mclean,madison11@gmail.com,7a84871002e6f27787479e53080ab8bc67ab1c6bc87b3f030172afc95ebcc7d2,2024-05-07 07:43:10
Kristina Barnes,montesanthony@gmail.com,5f9de69a5d91f0ad51839e73e3f2a74fa1a5d79f5b808eb748dd6ec564048686,2024-10-09 18:23:02
Brian Allen,sydney05@hotmail.com,bfedce266c3c4eb5ab12c9987570a2f343e082f0f698e0948a28acfec72b41ba,2024-04-11 22:51:12
Joshua Rodriguez,contrerassuzanne@bridges-stephenson.com,ba735c8b15c003f9575ace2550c0789a6e7039d21ee866b17fcd5cdfe756254c,2024-07-04 06:19:24
Daniel Scott,xharrison@wall-terry.org,ab0e35407c75bac4200b12c17133a7071b76b444c37b5d22e6cb5a83246bef50,2024-11-14 12:28:40
Michelle Newman,millerjessica@yahoo.com,82d52163685cd44ecdf9e85aad02c25de0c07196552d097e341d7d2c58c53762,2024-07-12 05:21:08
Nathan Jones,smarks@sampson-sampson.com,7958a23951bc9646b807e37fc714475aee64750e72fc7d2913b0b8b12965351a,2024-02-09 11:43:30
Shawn Baker,diazmary@johnson.info,73009ef66492d3fb20d4b237cb31ad04477d26b9ae19bd45961ae050f14d42af,2024-03-13 16:08:34
Deanna Coleman,vargasgloria@yahoo.com,71ec7a1f4f1e1d96af2ec619e19d8ecb8934e901807c9aff857361c61d69ba48,2024-10-23 02:06:19
Gail Buchanan,zdavis@hotmail.com,f1dc21a4e40e6bc59ceee705bdc2e25f4493154562d5f8208835f264401de53a,2024-09-11 22:42:34
Matthew Boyd,amy50@preston.info,36e42e646ea687a46c27d57d9d7eef972e4d4411090d069e0e662e983faadd1e,2024-07-21 04:57:11
Walter Rodriguez,jefferydaniels@gmail.com,76bacb3dae0a96ef34dfd875eeb367f195637e636d3d85c0a9d2caa95e094141,2024-04-19 07:14:16
Brianna Bentley,carolyn13@marshall.net,e49bf7f28e312353180b3d53aa76df6bf9253fa8b0f75acab28698eb16282cfb,2024-10-03 03:34:19
Melissa Ray,matthew24@yahoo.com,957a945ed1030cf00827e674b6c5b80039e9427007069cb921b037e7ab151805,2024-08-28 17:52:12
Jason Dickerson,melissa26@gmail.com,cd9ffe31ba66d70fbec4b725d1ad037d7e0d0b5aee33c5d4b7e6520a25329364,2024-11-28 13:10:38
